CI Name,Criticality ,SOX Critical,App Type,Function Details,Application,Usage,Hosting and Delivery Model,Architecture,Application Package,Brand,Primary Location,Primary Location Presence,CI Collection,Service,User BU,BU Count,CAO,FIN,GOV,GSMB,HR,IT,MLP,MRKTG,OEFC,R&D,SALES,SVCS,Shared across multiple BUs,Past 12 month Tickets Total,User Interactions,System Incidents,Changes,Interfaces,Servers,Databases,Version
A2K Reporting,Bronze,No,SERVICES,Report Tool for IS3 apps,A2KREPT-PROD,Business Intelligence/Reporting,Internal/Insourced,3-Tier (Web/App/DB Svrs),Home-grown,Avaya,COPPELL,COPPELL (100%),A2KREPT,A2KREPT-SERVICE,SVCS,1,0,0,0,0,0,0,0,0,0,0,0,1,Dedicated Apps,1,1,0,0,1,2,1,0
ACCPAC-APAC-FINANCIAL - Statutory - Accounting Pac..,Bronze,No,FINANCE,Statutory - Accounting Package for APAC,ACCPAC-FINANCIAL-APAC-PROD,Enterprise Resource Planning,Internal/Insourced,3-Tier (Web/App/DB Svrs),Commercially Available,Afon,APAC DC1,APAC DC1 (100%),ACCPAC-FINANCIAL-APAC,ACCPAC-SERVICE,FIN;#OEFC,2,0,1,0,0,0,0,0,0,1,0,0,0,Shared Apps,0,0,0,0,0,1,1,6
ADP US Payroll,Silver,No,FINANCE,Net Payroll/check/w2 processing,,,,,,,,,,,,,,,,,,,,,,,,,,,,,,,,,
Agile Product Collaboration 9.3,Silver,No,SUPPLY CHAIN,Management and collaboration of product,AGILE93-PROD,Product Development,Internal/Insourced,3-Tier (Web/App/DB Svrs),Commercially Available,Oracle,,,AGILE93,AGILE93-SERVICE,R&D,1,0,0,0,0,0,0,0,0,0,1,0,0,Dedicated Apps,28,8,0,20,2,16,2,9
ALDARS,Silver,No,APPLICATION SHARED SERVICES,Contains Archived Data from Legacy Decom,ALDARS-PROD,Document/File repository,Internal/Insourced,3-Tier (Web/App/DB Svrs),Hybrid,Plasmon,US1,US1 (100%),ALDARS,ALDARS-SERVICE,SALES;#SVCS,2,0,0,0,0,0,0,0,0,0,0,1,1,Shared Apps,0,0,0,0,1,1,0,0
ANGSTROM,Silver,No,APPLICATION SHARED SERVICES,IT,ANGSTROM-PROD,Middleware,Internal/Insourced,1-Tier (App Svrs - Requires a client to access the app),Hybrid,Angstrom,US1,US1 (100%),ANGSTROM,ANGSTROM-SERVICE,IT,1,0,0,0,0,0,1,0,0,0,0,0,0,Dedicated Apps,0,0,0,0,0,7,1,1
Ariba Production,Silver,No,SUPPLY CHAIN,Requisition Tool,ARIBA-PROD,Procurement,Internal/Insourced,3-Tier (Web/App/DB Svrs),Commercially Available,Ariba,US1,US1 (100%),ARIBA,ARIBA-SERVICE,MLP,1,0,0,0,0,0,0,1,0,0,0,0,0,Dedicated Apps,19,15,1,3,6,6,1,8
Avaya Common Gateway,Silver,No,APPLICATION SHARED SERVICES, mw code for new/ex apps,ACGPRODUCTION-PROD,Middleware,Internal/Insourced,2-Tier (App Svrs + DB Svrs - Requires a client to access the app),Commercially Available,Oracle,,,ACGPRODUCTION,ACGPRODUCTION-SERVICE,CAO;#FIN;#GOV;#GSMB;#HR;#IT;#MLP;#MRKTG;#OEFC;#R&D;#SALES;#SVCS,12,1,1,1,1,1,1,1,1,1,1,1,1,Shared Apps,1,1,0,0,0,2,0,#N/A
Avaya Data Warehouse,Gold,No,APPLICATION SHARED SERVICES,Data warehouse,AVAYA-DATA-WAREHOUSE-PROD,Business Intelligence/Reporting,Internal/Insourced,3-Tier (Web/App/DB Svrs),Hybrid,Microsoft,US1,US1 (100%),AVAYA-DATA-WAREHOUSE,AVAYA-DATA-WAREHOUSE-SERVICE,FIN;#MLP;#OEFC;#SALES;#SVCS,5,0,1,0,0,0,0,1,0,1,0,1,1,Shared Apps,5,2,0,3,1,7,1,2012.2
Avaya Intelligence and Analytics,Bronze,No,FINANCE,Avaya Intelligence and Analytics,AVA-INTELLIGENCE-ANALYTICS-PROD,Business Intelligence/Reporting,Internal/Insourced,3-Tier (Web/App/DB Svrs),Home-grown,Avaya,,,AVA-INTELLIGENCE-ANALYTICS,AVA-INTELLIGENCE-ANALYTICS-SERVICE,MRKTG;#IT;#OEFC;#CAO;#SALES;#SVCS,6,1,0,0,0,0,1,0,1,1,0,1,1,Shared Apps,54,19,0,35,2,8,0,#N/A
Avaya One Warehouse,Silver,No,APPLICATION SHARED SERVICES,One stop solution for reporting,AVAYA-ONE-WAREHOUSE-PROD,0,0,0,0,Oracle,,,AVAYA-ONE-WAREHOUSE,AVAYA-ONE-WAREHOUSE-SERVICE,0,1,0,0,0,0,0,0,0,0,0,0,0,0,Dedicated Apps,36,14,0,22,23,20,1,#N/A
Avaya Transfer Program,Bronze,No,HR,Occupational Resource Utilization application,ATP-PROD,Resource Management,Internal/Insourced,3-Tier (Web/App/DB Svrs),Home-grown,Avaya,,,ATP,AVAYA TRANSFER PLATFORM (ATP)-SERVICE,HR,1,0,0,0,0,1,0,0,0,0,0,0,0,Dedicated Apps,4,1,0,3,2,2,1,0
Barcode Labelprint,Silver,No,GABG,Shipment barcode label print,LABELPRINT-PROD,Printing,Internal/Insourced,1-Tier (App Svrs - Requires a client to access the app),Commercially Available,Teklynx,EMEA DC1,EMEA DC1 (100%),LABELPRINT,LABEL PRINT,GSMB,1,0,0,0,1,0,0,0,0,0,0,0,0,Dedicated Apps,0,0,0,0,1,2,0,0
Biztalk,Silver,No,SUPPLY CHAIN,Integration between Nortel & External BP,BIZTALK-ENT-PROD,Middleware,Internal/Outsourced,3-Tier (Web/App/DB Svrs),Commercially Available,Microsoft,US1,US1 (93%),BIZTALK-ENT,BIZTALK-ENT-SERVICE,MLP;#OEFC;#SALES;#SVCS,4,0,0,0,0,0,0,1,0,1,0,1,1,Shared Apps,40,2,0,38,10,9,1,2004
BOXI Reporting,Silver,No,APPLICATION SHARED SERVICES,"Reporting Mechanism for GDW Supply Chain, SBA, Clarify and S",BOXI-ENT-PROD,Business Intelligence/Reporting,Internal/Insourced,3-Tier (Web/App/DB Svrs),Commercially Available,SAP Business Objects XI [BOXI],US1,US1 (100%),BOXI-ENT,BOXI-ENT-SERVICE,SALES;#SVCS,2,0,0,0,0,0,0,0,0,0,0,1,1,Shared Apps,3,3,0,0,1,6,1,3.1
BPCC,Gold,No,SALES,Access by BPs to see the work (PROJECTS) having been request,BPCC-PROD,Project Management,Internal/Outsourced,3-Tier (Web/App/DB Svrs),Hybrid,SAUCON,US1,US1 (100%),BPCC,BPCC-SERVICE,SALES,1,0,0,0,0,0,0,0,0,0,0,1,0,Dedicated Apps,2,1,0,1,1,3,1,0
Brazil Warehouse Information System,Silver,No,SUPPLY CHAIN,Brazil Warehouse Management System,WIS-PROD,Business Intelligence/Reporting,Internal/Insourced,3-Tier (Web/App/DB Svrs),Commercially Available,Sydeco,Barueri,,WIS,BRAZIL WIS,MLP,1,0,0,0,0,0,0,1,0,0,0,0,0,Dedicated Apps,1,0,0,1,0,1,1,10
Business Objects Reporting,Bronze,No,SAP/ERP,Create reports from EDW system,SAP-BOP,Business Intelligence/Reporting,Internal/Insourced,3-Tier (Web/App/DB Svrs),Commercially Available,SAP,US1,US1 (100%),SAP-BO,SAP-BO-SERVICE,IT,1,0,0,0,0,0,1,0,0,0,0,0,0,Dedicated Apps,1,0,0,1,1,8,1,4.1
Cadency,Bronze,Yes,FINANCE,SOX control database,CADENCY-PROD,0,0,0,0,Trintech,,,CADENCY,CADENCY-SERVICE,0,1,0,0,0,0,0,0,0,0,0,0,0,0,Dedicated Apps,4,1,0,3,1,0,0,#N/A
CareViews Portal,Silver,No,SUPPLY CHAIN,Web Portal,CAREVIEWS-PROD,Business Intelligence/Reporting,Internal/Insourced,2-Tier (App Svrs + DB Svrs - Requires a client to access the app),Home-grown,Avaya,US1,US1 (100%),CAREVIEWS,CAREVIEWS PORTAL,OEFC,1,0,0,0,0,0,0,0,0,1,0,0,0,Dedicated Apps,49,31,1,17,3,5,1,0
Clarify Clear Contracts,Silver,Yes,SERVICES,Manages Customer Entitlements,CCC-ENT-PROD,Customer Management,Internal/Outsourced,3-Tier (Web/App/DB Svrs),Commercially Available,Amdocs,US1,US1 (100%),CCC-ENT,CCC-ENT-SERVICE,SVCS,1,0,0,0,0,0,0,0,0,0,0,0,1,Dedicated Apps,115,100,1,14,3,7,1,1.05
Cloud Customer Business-Intergration Service,Silver,Yes,APPLICATION SHARED SERVICES,Boomi Middleware Production Environment,BOOMI-PROD,Middleware,External/Insourced,Other (SaaS etc..),Commercially Available,Dell,,,BOOMI,BOOMI-SERVICE,HR,1,0,0,0,0,1,0,0,0,0,0,0,0,Dedicated Apps,38,0,0,38,0,0,0,#N/A
Cognos,Silver,No,APPLICATION SHARED SERVICES,Reporting Application,COGNOS-PROD,Business Intelligence/Reporting,Internal/Insourced,3-Tier (Web/App/DB Svrs),Home-grown,Cognos,US1,US1 (100%),COGNOS,COGNOS-SERVICE,CAO;#FIN;#GOV;#GSMB;#HR;#IT;#MLP;#MRKTG;#OEFC;#R&D;#SALES;#SVCS,12,1,1,1,1,1,1,1,1,1,1,1,1,Shared Apps,60,58,1,1,2,23,2,8.4
Cognos Impromptu Reporting,Bronze,No,FINANCE,Reporting Design tool for Costpoint,DELTEK-IMPROMPTU-RPT-PROD,0,0,0,0,Cognos,US1,,DELTEK-IMPROMPTU-RPT,DELTEK-IMPROMPTU-RPT-SERVICE,0,1,0,0,0,0,0,0,0,0,0,0,0,0,Dedicated Apps,0,0,0,0,0,3,0,#N/A
Common Input Interface,Silver,No,FINANCE,Non-SAP Tax,CII-PROD,Accounting/Finance/Treasury,Internal/Insourced,2-Tier (App Svrs + DB Svrs - Requires a client to access the app),Home-grown,Avaya,US1,US1 (100%),CII,COMMON INPUT INTERFACE,FIN,1,0,1,0,0,0,0,0,0,0,0,0,0,Dedicated Apps,2,2,0,0,3,1,0,0
Common Output Interface,Silver,No,FINANCE,Generate tax check req to treasury,COI-PROD,Accounting/Finance/Treasury,Internal/Insourced,1-Tier (App Svrs - Requires a client to access the app),Home-grown,Avaya,US1,US1 (100%),COI,COMMON OUTPUT INTERFACE,FIN,1,0,1,0,0,0,0,0,0,0,0,0,0,Dedicated Apps,0,0,0,0,1,2,0,0
Condition Sheets,Silver,No,HR,Sales commission schedule for STC,CONDITION-SHEETS-PROD,Payroll,Internal/Insourced,3-Tier (Web/App/DB Svrs),Home-grown,Avaya,US1,US1 (100%),CONDITION-SHEETS,CONDITION SHEETS,HR,1,0,0,0,0,1,0,0,0,0,0,0,0,Dedicated Apps,1,1,0,0,0,1,1,0
Connect Direct,Silver,No,APPLICATION SHARED SERVICES,Connectivity Software,CONNECTDIRECT-PROD,Middleware,Internal/Insourced,Appliance based,Commercially Available,Avaya,COPPELL,COPPELL (100%),CONNECTDIRECT,CONNECT DIRECT,IT;#R&D;#SVCS,3,0,0,0,0,0,1,0,0,0,1,0,1,Shared Apps,1,1,0,0,1,1,0,0
Consolidated Productivity Tool,Silver,No,SALES,Tracking of Orders,CPT-ENT-PROD,Order Management,Internal/Outsourced,3-Tier (Web/App/DB Svrs),Home-grown,Microsoft,US1,US1 (100%),CPT-ENT,CPT-ENT-SERVICE,SALES;#OEFC,2,0,0,0,0,0,0,0,0,1,0,1,0,Shared Apps,7,5,0,2,2,2,0,1.1
Coupa,Silver,Yes,SUPPLY CHAIN,,COUPA-PROD,Procurement,Software As a Service (SaaS),Other (SaaS etc..),Hybrid,Coupa,,,COUPA,COUPA-SERVICE,CAO;#FIN;#GOV;#GSMB;#HR;#IT;#MLP;#MRKTG;#OEFC;#R&D;#SALES;#SVCS,12,1,1,1,1,1,1,1,1,1,1,1,1,Shared Apps,289,287,1,1,17,0,0,#N/A
CPI Trademark Web System,Bronze,No,LEGAL,Identification of Trademarks & Use,CPITRADEMARKS-PROD,Business Intelligence/Reporting,Internal/Outsourced,3-Tier (Web/App/DB Svrs),Commercially Available,CPi,US1,US1 (100%),CPITRADEMARKS,CPITRADEMARKS-SERVICE,CAO,1,1,0,0,0,0,0,0,0,0,0,0,0,Dedicated Apps,0,0,0,0,0,4,1,9
Currency Feed for SAP,Silver,No,FINANCE,Exchange Rates feed for Nbox from Bloomberg,CURRENCY-FEED-PROD,Accounting/Finance/Treasury,Internal/Insourced,3-Tier (Web/App/DB Svrs),Home-grown,AVAYA,,,CURRENCY-FEED,CURRENCY-FEED-SERVICE,FIN,1,0,1,0,0,0,0,0,0,0,0,0,0,Dedicated Apps,7,1,0,6,5,3,1,0
Data Science Lab,Silver,No,SALES/MARKETING,Big Data and Statistical Analytics Lab,DATA-SCIENCE-LAB-PROD,Business Intelligence/Reporting,Internal/Insourced,Other (SaaS etc..),Commercially Available,0,US1,US1 (100%),DATA-SCIENCE-LAB,DATA-SCIENCE-LAB-SERVICE,IT,1,0,0,0,0,0,1,0,0,0,0,0,0,Dedicated Apps,0,0,0,0,0,3,0,#N/A
DDM Voyager,Gold,No,SALES,Indirect channel tracking and comp,DDMVOYAGER-PROD,Payroll,Internal/Outsourced,3-Tier (Web/App/DB Svrs),Hybrid,SAUCON,US1,US1 (100%),DDMVOYAGER,DDMVOYAGER-SERVICE,SALES,1,0,0,0,0,0,0,0,0,0,0,1,0,Dedicated Apps,1,1,0,0,3,8,1,0
Deltek Cost Point,Silver,Yes,FINANCE,Accounting and Project Mgmt for Avaya Fed Contracts,DELTEK-COSTPOINT-PROD,Accounting/Finance/Treasury,Internal/Insourced,2-Tier (App Svrs + DB Svrs - Requires a client to access the app),Commercially Available,Deltek,US1,US1 (100%),DELTEK-COSTPOINT,AVA-COSTPOINT,FIN,1,0,1,0,0,0,0,0,0,0,0,0,0,Dedicated Apps,7,7,0,0,1,4,1,6
Deltek Time and Expense,Silver,No,FINANCE,Time Keeping for Compliance with Avaya Fed Contracts,DELTEK-TIME-EXPENSE-PROD,Payroll,Internal/Insourced,3-Tier (Web/App/DB Svrs),Commercially Available,Deltek,,,DELTEK-TIME-EXPENSE,DELTEK-TIME-EXPENSE-SERVICE,GOV,1,0,0,1,0,0,0,0,0,0,0,0,0,Dedicated Apps,5,4,0,1,0,3,0,#N/A
Document Tracking and Reporting,Bronze,No,APPLICATION SHARED SERVICES,Monitoring Utility - Document Tracking,DTR-ENT-PROD,Administer/Manage/Monitor Systems,Internal/Outsourced,3-Tier (Web/App/DB Svrs),Home-grown,Microsoft,US1,US1 (100%),DTR-ENT,DTR-ENT-SERVICE,MLP,1,0,0,0,0,0,0,1,0,0,0,0,0,Dedicated Apps,1,1,0,0,2,4,1,1.1
Docuware,Bronze,No,FINANCE,Archive System,DOCUWARE-PROD,Administer/Manage/Monitor Systems,Internal/Outsourced,3-Tier (Web/App/DB Svrs),Commercially Available,Docuware,,,DOCUWARE,DOCUWARE-SERVICE,FIN,1,0,1,0,0,0,0,0,0,0,0,0,0,Dedicated Apps,0,0,0,0,1,1,1,0
DST EDI Conversion,Bronze,No,SUPPLY CHAIN,SAP -> EDI conversion for DST,DST-PROD,Middleware,Internal/Insourced,3-Tier (Web/App/DB Svrs),Home-grown,DST OUTPUT,US1,US1 (100%),DST,DST-DB-SERVICE,IT;#MLP,2,0,0,0,0,0,1,1,0,0,0,0,0,Shared Apps,6,5,1,0,1,3,1,10
EASY-TRANSFER-PRICE-FINANCIAL-BRAZIL,Bronze,No,FINANCE,Statutory - Margin Calculation,EASY-TRANSFER-PRICE-FINANCIAL-BRAZIL-PROD,Accounting/Finance/Treasury,Internal/Insourced,Desktop based,Commercially Available,Avaya,US1,US1 (100%),EASY-TRANSFER-PRICE-FINANCIAL-BRAZIL,BRAZIL TRANSFER PRICE,FIN,1,0,1,0,0,0,0,0,0,0,0,0,0,Dedicated Apps,0,0,0,0,0,2,1,1
EDI-GIS-PROD,Silver,Yes,SUPPLY CHAIN,EDI traffic gatekeeper for Sterling,EDI-GIS-PROD,Middleware,Internal/Insourced,3-Tier (Web/App/DB Svrs),Commercially Available,Sterling Commerce,,,EDI-GIS,EDI STERLING,MLP;#OEFC;#SALES;#SVCS,4,0,0,0,0,0,0,1,0,1,0,1,1,Shared Apps,23,22,1,0,2,2,1,#N/A
Engage Human Resources,Silver,No,,Open and track HR employee service tickets,ENGAGE-HR-PROD,Ticketing,External/Outsourced,Other (SaaS etc..),Commercially Available,SAP-NGA,,,ENGAGE-HR,ENGAGE-HR-SERVICE,HR;#CAO;#FIN;#GOV;#GSMB;#IT;#MLP;#MRKTG;#OEFC;#R&D;#SALES;#SVCS,12,1,1,1,1,1,1,1,1,1,1,1,1,Shared Apps,16,14,0,2,0,0,0,#N/A
eProject Management Tool,Gold,No,SALES,project management tool,EPROJECT-PROD,Project Management,Internal/Outsourced,3-Tier (Web/App/DB Svrs),Hybrid,SAUCON,,,EPROJECT,EPROJECT-SERVICE,SALES;#SVCS;#OEFC;#FIN,4,0,1,0,0,0,0,0,0,1,0,1,1,Shared Apps,152,121,2,29,11,11,1,0
E-Supply,Silver,No,SUPPLY CHAIN,"Supply Chain, Supplier & Associate Self-",ESUPPLY-PROD,Customer Management,Internal/Insourced,3-Tier (Web/App/DB Svrs),Home-grown,SAP,US1,US1 (100%),ESUPPLY,E-SUPPLY,FIN,1,0,1,0,0,0,0,0,0,0,0,0,0,Dedicated Apps,3,3,0,0,1,3,0,0
ETIME,Bronze,No,HR,Reporting app to replace NetTime for use by US/Canadian user,ETIME-PROD,Transactional,Internal/Outsourced,3-Tier (Web/App/DB Svrs),Commercially Available,ADP,US1,US1 (100%),ETIME,ETIME-SERVICE,HR,1,0,0,0,0,1,0,0,0,0,0,0,0,Dedicated Apps,156,155,1,0,4,0,0,638
eXtensible Browser Based Platform,Silver,No,SALES,US Fed Govt pricing,XBBP-PROD,Quoting,Internal/Outsourced,3-Tier (Web/App/DB Svrs),Hybrid,Strata Solutions,US1,,XBBP,XBBP-SERVICE,SALES,1,0,0,0,0,0,0,0,0,0,0,1,0,Dedicated Apps,7,6,0,1,1,6,1,0
Fast Tenovis Application,Bronze,No,GABG,Integrates Tenovis apps with R/3 System,FAST-TENOVIS-PROD,Middleware,Internal/Insourced,3-Tier (Web/App/DB Svrs),Home-grown,Avaya,US1,US1 (100%),FAST-TENOVIS,FAST AVAYA SARBANES-OXLEY TENOVIS (FAST),GSMB,1,0,0,0,1,0,0,0,0,0,0,0,0,Dedicated Apps,0,0,0,0,2,1,0,0
Field Glass Vendor Mgmt,Bronze,No,SUPPLY CHAIN,Field Glass Vendor Mgmt,FIELDGLASS-PROD,Resource Management,External/Outsourced,3-Tier (Web/App/DB Svrs),Commercially Available,Field Glass,,,FIELDGLASS,FIELDGLASS-SERVICE,HR,1,0,0,0,0,1,0,0,0,0,0,0,0,Dedicated Apps,0,0,0,0,3,0,0,10
File Mover,Bronze,No,APPLICATION SHARED SERVICES,File transfer w/scheduler function,FILEMOVER-PROD,Middleware,Internal/Insourced,1-Tier (App Svrs - Requires a client to access the app),Home-grown,AVAYA,US1,US1 (100%),FILEMOVER,FILEMOVER-SERVICE,IT,1,0,0,0,0,0,1,0,0,0,0,0,0,Dedicated Apps,1,1,0,0,3,5,0,1
Fusion Middleware,Gold,Yes,APPLICATION SHARED SERVICES,mw code for new/ex apps,FMWPRODUCTION,Middleware,Internal/Insourced,2-Tier (App Svrs + DB Svrs - Requires a client to access the app),Commercially Available,Oracle,,,FMW,FMW-SERVICE,CAO;#FIN;#GOV;#GSMB;#HR;#IT;#MLP;#MRKTG;#OEFC;#R&D;#SALES;#SVCS,12,1,1,1,1,1,1,1,1,1,1,1,1,Shared Apps,36,8,1,27,1,0,0,11.2
Garant,Bronze,No,LEGAL,Russian legal information system,GARANT-PROD,Accounting/Finance/Treasury,External/Outsourced,Other (SaaS etc..),Commercially Available,Garant,MOSCOW,MOSCOW (100%),GARANT,GARANT-SERVICE,CAO,1,1,0,0,0,0,0,0,0,0,0,0,0,Dedicated Apps,1,1,0,0,1,1,0,0
Get Paid,Silver,No,SUPPLY CHAIN,Receivables and Collection Management,GETPAID-PROD,Billing/Invoicing,Internal/Insourced,3-Tier (Web/App/DB Svrs),Commercially Available,SunGard,US1,US1 (100%),GETPAID,GETPAID-SERVICE,OEFC,1,0,0,0,0,0,0,0,0,1,0,0,0,Dedicated Apps,84,63,4,17,14,6,1,8
GFI Application,Bronze,No,FINANCE,Post accounting documents from SAP-PE2 to I2P,GFIWLIAPP-PROD,Middleware,Internal/Insourced,3-Tier (Web/App/DB Svrs),Home-grown,BEA,US1,US1 (100%),GFIWLIAPP,GERMAN FINANCIAL INTERFACE DASHBOARD (GFI),FIN,1,0,1,0,0,0,0,0,0,0,0,0,0,Dedicated Apps,1,0,0,1,3,5,1,0
Global Data Warehouse,Silver,No,FINANCE,Warehouse that facilitates reporting from BOXI for Supply Channel,GDW-MARTS-ENT-PROD,Business Intelligence/Reporting,Internal/Outsourced,3-Tier (Web/App/DB Svrs),Home-grown,Oracle,US1,US1 (100%),GDW-MARTS-ENT,GDW-MARTS-ENT-SERVICE,MLP,1,0,0,0,0,0,0,1,0,0,0,0,0,Dedicated Apps,3,2,0,1,0,2,0,9.2
Global Data Warehouse Interim Data Marts,Silver,No,SUPPLY CHAIN,Manages the supply chain operations,GDW-IDM-ENT-PROD,Business Intelligence/Reporting,Internal/Outsourced,3-Tier (Web/App/DB Svrs),Home-grown,Oracle,US1,US1 (100%),GDW-IDM-ENT,GDW-IDM-ENT-SERVICE,MLP;#OEFC,2,0,0,0,0,0,0,1,0,1,0,0,0,Shared Apps,0,0,0,0,1,1,0,9.2
Global Headcount and Budget Tracking Tool,Bronze,No,SERVICES,GSD Personnel Budget Planning,GHBT-PROD,Resource Management,Internal/Insourced,3-Tier (Web/App/DB Svrs),Home-grown,Avaya,US1,US1 (75%),GHBT,GHBT-SERVICE,SVCS,1,0,0,0,0,0,0,0,0,0,0,0,1,Dedicated Apps,0,0,0,0,1,4,1,0
Global Sales Compensation Prod Instance,Gold,No,SALES,Global Sales Compensation,GLOBALSALESCOMP-PROD,Payroll,Internal/Insourced,3-Tier (Web/App/DB Svrs),Home-grown,Callidus,US1,US1 (100%),GLOBALSALESCOMP,SALES COMPENSATION SYSTEM,SALES,1,0,0,0,0,0,0,0,0,0,0,1,0,Dedicated Apps,10,8,0,2,14,6,2,11.2
HR IT Job Library,Bronze,No,HR,Avaya job library with codes.,JOB-LIBRARY-PROD,Web Portal,Internal/Insourced,3-Tier (Web/App/DB Svrs),Home-grown,Avaya,US1,US1 (100%),JOB-LIBRARY,JOB LIBRARY,HR,1,0,0,0,0,1,0,0,0,0,0,0,0,Dedicated Apps,3,1,0,2,0,2,1,0
Hyperion Essbase,Silver,Yes,FINANCE,Financial Data Reporting Tool (non-IT),HYPERION-ESSBASE-PROD,Business Intelligence/Reporting,Internal/Insourced,2-Tier (App Svrs + DB Svrs - Requires a client to access the app),Home-grown,Hyperion,US1,US1 (100%),HYPERION-ESSBASE,ESSBASE,FIN,1,0,1,0,0,0,0,0,0,0,0,0,0,Dedicated Apps,106,101,3,2,3,3,1,11.12
Hyperion Financial Management,Silver,Yes,FINANCE,Financial Consolidation Tool,HFM-PROD,Business Intelligence/Reporting,Internal/Insourced,2-Tier (App Svrs + DB Svrs - Requires a client to access the app),Home-grown,Oracle,US1,US1 (100%),HFM,HFM-SERVICE,FIN,1,0,1,0,0,0,0,0,0,0,0,0,0,Dedicated Apps,0,0,0,0,1,5,1,11.12
IDA Document Management System,Silver,No,SUPPLY CHAIN,Document Management System,IDA-ENT-PROD,Document/File repository,Internal/Outsourced,3-Tier (Web/App/DB Svrs),Hybrid,OPTIX,US1,US1 (100%),IDA-ENT,IDA-ENT-SERVICE,MLP;#OEFC,2,0,0,0,0,0,0,1,0,1,0,0,0,Shared Apps,19,18,0,1,1,1,1,7.1
I-Inquire,Silver,No,FINANCE,Tool for querying invoice/payment status,I-INQUIRE-ENT-PROD,Business Intelligence/Reporting,Internal/Outsourced,3-Tier (Web/App/DB Svrs),Commercially Available,FirstStrike,US1,US1 (100%),I-INQUIRE-ENT,I-INQUIRE-ENT-SERVICE,FIN,1,0,1,0,0,0,0,0,0,0,0,0,0,Dedicated Apps,3,1,1,1,1,4,1,0
Informatica On Demand,Silver,No,APPLICATION SHARED SERVICES,,IOD-PROD,Business Intelligence/Reporting,External/Insourced,3-Tier (Web/App/DB Svrs),Commercially Available,Informatica,US1,US1 (100%),IOD,IOD-SERVICE,SVCS,1,0,0,0,0,0,0,0,0,0,0,0,1,Dedicated Apps,6,0,0,6,1,5,1,2014
IP Lifecycle Management,Silver,No,LEGAL,Logs patents and trademarks,CPA-MEMOTECH-PROD,Business Intelligence/Reporting,Internal/Outsourced,3-Tier (Web/App/DB Svrs),Commercially Available,CPA Software Solutions,,,CPA-MEMOTECH,CPA-MEMOTECH-SERVICE,CAO,1,1,0,0,0,0,0,0,0,0,0,0,0,Dedicated Apps,4,1,0,3,2,2,1,0
IP Office Knowledge Base,Bronze,No,SALES,Pre-sales information on IPO,KNOWLEDGE-BASE-PROD,Product Development,Internal/Insourced,3-Tier (Web/App/DB Svrs),Home-grown,Avaya,US1,US1 (100%),KNOWLEDGE-BASE,KNOWLEDGE BASE FOR IP OFFICE,R&D,1,0,0,0,0,0,0,0,0,0,1,0,0,Dedicated Apps,16,13,0,3,3,1,0,0
IS3E Enterprise Application,Silver,Yes,SERVICES,IS3 Enterprise Management System,IS3E-PROD,Middleware,Internal/Insourced,3-Tier (Web/App/DB Svrs),Home-grown,Avaya,COPPELL,COPPELL (100%),IS3E,IS3E-SERVICE,SVCS,1,0,0,0,0,0,0,0,0,0,0,0,1,Dedicated Apps,46,19,0,27,1,2,1,0
IXOS Content Management,Bronze,No,SAP/ERP,Enterprise Content Management software,IXOS-ENT-PROD,Enterprise Content Management,Internal/Insourced,3-Tier (Web/App/DB Svrs),Commercially Available,OpenText,US1,US1 (100%),IXOS-ENT,IXOS-ENT-SERVICE,SVCS,1,0,0,0,0,0,0,0,0,0,0,0,1,Dedicated Apps,1,1,0,0,0,1,0,0
Leave of Absence System,Bronze,No,HR,Statutory Leave Absence,LAS-LEAVE-ABSENSE-PROD,Resource Management,Internal/Insourced,3-Tier (Web/App/DB Svrs),Home-grown,Avaya,US1,US1 (100%),LAS-LEAVE-ABSENSE,LEAVE ABSENCE SYSTEM (LAS),HR,1,0,0,0,0,1,0,0,0,0,0,0,0,Dedicated Apps,166,163,2,1,2,2,1,1
Liram,Bronze,No,FINANCE,Statutory Fixed Asset Reporting to Israel Tax Authorities,LIRAM-PROD,Accounting/Finance/Treasury,Internal/Insourced,2-Tier (App Svrs + DB Svrs - Requires a client to access the app),Commercially Available,Liram financial systems,,,LIRAM,LIRAM-SERVICE,FIN,1,0,1,0,0,0,0,0,0,0,0,0,0,Dedicated Apps,1,1,0,0,1,1,1,#N/A
List Service Mass Mail,Silver,No,HR,LISTSERV Mass Mail,APP-LISTSERV-PROD,Communications/Collaboration,Internal/Insourced,3-Tier (Web/App/DB Svrs),Commercially Available,L-Soft,US1,US1 (100%),APP-LISTSERV,LISTSERV,IT,1,0,0,0,0,0,1,0,0,0,0,0,0,Dedicated Apps,1,1,0,0,2,1,0,6
LRS - Leave Request System (Prod instance),Bronze,No,HR,Leave Request System,LRS-PROD,Resource Management,Internal/Insourced,3-Tier (Web/App/DB Svrs),Home-grown,Avaya,EMEA DC1,EMEA DC1 (100%),LRS,LEAVE REQUEST SYSTEM (LRS),GSMB,1,0,0,0,1,0,0,0,0,0,0,0,0,Dedicated Apps,52,52,0,0,1,2,1,0
Marketing Anonymous Portal,Silver,No,MARKETING,Anonymous web portal,MKT-ANONYMOUS-PORTAL-PROD,Web Portal,Internal/Insourced,3-Tier (Web/App/DB Svrs),Home-grown,Avaya,US1,US1 (100%),MKT-ANONYMOUS-PORTAL,MKT-ANONYMOUS-PORTAL-SERVICE,MRKTG;#SALES,2,0,0,0,0,0,0,0,1,0,0,1,0,Shared Apps,1,0,0,1,0,4,1,1
MAT Data Warehouse,Bronze,No,PRODUCT,Data warehouse system w/supplychain data,MATDB-ENT-PROD,Business Intelligence/Reporting,Internal/Insourced,2-Tier (App Svrs + DB Svrs - Requires a client to access the app),Home-grown,Avaya,US1,US1 (100%),MATDB-ENT,MATDB-ENT-SERVICE,MLP;#OEFC,2,0,0,0,0,0,0,1,0,1,0,0,0,Shared Apps,7,5,1,1,2,1,0,0
MIIS,Silver,No,HR,Identity info management across org,MIIS-PROD,Infrastructure,Internal/Insourced,2-Tier (App Svrs + DB Svrs - Requires a client to access the app),Home-grown,microsoft,US1,US1 (100%),MIIS,MIIS/ILM-SERVICE,HR,1,0,0,0,0,1,0,0,0,0,0,0,0,Dedicated Apps,25,1,0,24,6,4,1,2007
Moving Average Cost&Inventory Books,Bronze,No,FINANCE,Statutory - Inventory Reporting,,,,,,,,,,,,,,,,,,,,,,,,,,,,,,,,,
MQSeries ENT,Silver,Yes,APPLICATION SHARED SERVICES,Provides transport of transaction data,MQSERIES-ENT-PROD,Middleware,Internal/Outsourced,3-Tier (Web/App/DB Svrs),Home-grown,IBM,US1,US1 (100%),MQSERIES-ENT,MQSERIES-ENT-SERVICE,CAO;#FIN;#GOV;#GSMB;#HR;#IT;#MLP;#MRKTG;#OEFC;#R&D;#SALES;#SVCS,12,1,1,1,1,1,1,1,1,1,1,1,1,Shared Apps,0,0,0,0,0,1,0,6.1
MQSERIES-HSPAPP1,Silver,No,APPLICATION SHARED SERVICES,IT,MQSERIES-PROD,Middleware,Internal/Outsourced,Appliance based,Commercially Available,IBM MQ-Series,COPPELL,COPPELL (50%),MQSERIES,MQ SERIES,CAO;#FIN;#GOV;#GSMB;#HR;#IT;#MLP;#MRKTG;#OEFC;#R&D;#SALES;#SVCS,12,1,1,1,1,1,1,1,1,1,1,1,1,Shared Apps,53,0,0,53,0,2,0,5.2
My Personal Data,Bronze,No,HR,Web front-end to employee data,MPD-PROD,Web Portal,Internal/Insourced,3-Tier (Web/App/DB Svrs),Home-grown,Avaya,US1,US1 (100%),MPD,MY PERSONAL DATA (MPD),HR,1,0,0,0,0,1,0,0,0,0,0,0,0,Dedicated Apps,18,11,0,7,0,1,1,0
netTIME,Bronze,No,FINANCE,Time Tracking Application,NETTIME-PROD,Payroll,Internal/Insourced,3-Tier (Web/App/DB Svrs),Home-grown,Avaya,,,NETTIME,NETTIME-SERVICE,HR,1,0,0,0,0,1,0,0,0,0,0,0,0,Dedicated Apps,8,7,1,0,7,1,1,0
NETZER,Bronze,No,HR,Statutory - Manage Fleet of Cars,NETZER-PROD,Resource Management,Internal/Insourced,3-Tier (Web/App/DB Svrs),Commercially Available,ITAM,,,NETZER,NETZER-SERVICE,HR,1,0,0,0,0,1,0,0,0,0,0,0,0,Dedicated Apps,0,0,0,0,0,0,0,6.5
NIMBUS,Silver,No,APPLICATION SHARED SERVICES,used for authors development,NIMBUS-PROD,Product Development,Internal/Outsourced,3-Tier (Web/App/DB Svrs),Commercially Available,Nimbus Partners,EMEA DC1,EMEA DC1 (100%),NIMBUS,NIMBUS CONTROL,IT,1,0,0,0,0,0,1,0,0,0,0,0,0,Dedicated Apps,2,2,0,0,3,1,0,0
Nortal Revpro,Silver,No,FINANCE,Clone of Nortel Financial Interface,NORTEL-REVPRO-PROD,Middleware,Internal/Outsourced,3-Tier (Web/App/DB Svrs),Commercially Available,BEA,US1,US1 (100%),NORTEL-REVPRO,NORTEL REVPRO INTERFACE-NRI-SERVICE,SVCS,1,0,0,0,0,0,0,0,0,0,0,0,1,Dedicated Apps,0,0,0,0,0,1,0,9
Nortel Financial Interface,Silver,No,FINANCE,Facilitate the transfer of financial data,NFIWLIAPP-PROD,Middleware,Internal/Insourced,2-Tier (App Svrs + DB Svrs - Requires a client to access the app),Commercially Available,BEA,US1,US1 (100%),NFIWLIAPP,NORTEL FINANCE INTERFACE,FIN,1,0,1,0,0,0,0,0,0,0,0,0,0,Dedicated Apps,59,4,0,55,1,2,1,9
ODS Cognos,Silver,No,APPLICATION SHARED SERVICES,Reporting Application for Business&Sales,ODS-APP-COGNOS-PROD,Business Intelligence/Reporting,Internal/Insourced,3-Tier (Web/App/DB Svrs),Home-grown,Cognos,US1,US1 (100%),ODS-APP-COGNOS,OPERATIONAL DATA STORE,CAO;#FIN;#GOV;#GSMB;#HR;#IT;#MLP;#MRKTG;#OEFC;#R&D;#SALES;#SVCS,12,1,1,1,1,1,1,1,1,1,1,1,1,Shared Apps,5,4,0,1,2,15,2,8.4
ODS Cognos 84 Application,Silver,No,APPLICATION SHARED SERVICES,Reporting,ODS-APP-COGNOS-84-PROD,Business Intelligence/Reporting,Internal/Insourced,3-Tier (Web/App/DB Svrs),Home-grown,Cognos,US1,US1 (100%),ODS-APP-COGNOS-84,OPERATIONAL DATA STORE 84,CAO;#FIN;#GOV;#GSMB;#HR;#IT;#MLP;#MRKTG;#OEFC;#R&D;#SALES;#SVCS,12,1,1,1,1,1,1,1,1,1,1,1,1,Shared Apps,0,0,0,0,1,4,2,8.4
ODS Informatica,Silver,No,APPLICATION SHARED SERVICES,ODS Informatica 8 Production,ODS-APP-INFORMATICA8-PROD,Business Intelligence/Reporting,Internal/Insourced,3-Tier (Web/App/DB Svrs),Commercially Available,Informatica,US1,US1 (100%),ODS-APP-INFORMATICA8,INFORMATICA POWER CENTER,CAO;#FIN;#GOV;#GSMB;#HR;#IT;#MLP;#MRKTG;#OEFC;#R&D;#SALES;#SVCS,12,1,1,1,1,1,1,1,1,1,1,1,1,Shared Apps,14,0,0,14,12,7,2,8
ODS Oracle,Silver,No,APPLICATION SHARED SERVICES,ODS Oracle Production,ODS-APP-ORACLE-PROD,Document/File repository,Internal/Insourced,2-Tier (App Svrs + DB Svrs - Requires a client to access the app),Commercially Available,Oracle,US1,US1 (100%),ODS-APP-ORACLE,ODS-APP-ORACLE-SERVICE,MLP;#MRKTG;#SALES,3,0,0,0,0,0,0,1,1,0,0,1,0,Shared Apps,0,0,0,0,5,4,2,0
Opera,Bronze,No,SUPPLY CHAIN,Non financial data reporting tool,OPERA-PROD,Business Intelligence/Reporting,Internal/Insourced,1-Tier (App Svrs - Requires a client to access the app),Commercially Available,"Opera Analytics, BIQ",US1,US1 (100%),OPERA,OPERA ANALYTICS,CAO;#FIN;#GOV;#GSMB;#HR;#IT;#MLP;#MRKTG;#OEFC;#R&D;#SALES;#SVCS,12,1,1,1,1,1,1,1,1,1,1,1,1,Shared Apps,8,8,0,0,0,1,0,4.05
Opera EIQ,Bronze,No,SUPPLY CHAIN,Data reporting Tool,,,,,,,,,,,,,,,,,,,,,,,,,,,,,,,,,
Oracle API Gateway,Bronze,No,APPLICATION SHARED SERVICES,Security gateway in the Avaya DMZs for external web services,OAG-PROD,0,Internal/Insourced,1-Tier (App Svrs - Requires a client to access the app),Commercially Available,ORACLE,US1,,OAG,OAG-SERVICE,0,1,0,0,0,0,0,0,0,0,0,0,0,0,Dedicated Apps,2,0,0,2,0,2,0,#N/A
Oracle Business Process Management,Gold,Yes,APPLICATION SHARED SERVICES,Business Process Module,FMWPRODUCTION-PS6-BPM-PROD,Middleware,Internal/Insourced,2-Tier (App Svrs + DB Svrs - Requires a client to access the app),Commercially Available,Oracle,US1,US1 (100%),FMWPRODUCTION-PS6-BPM,BPM-SERVICE,CAO;#FIN;#GOV;#GSMB;#HR;#IT;#MLP;#MRKTG;#OEFC;#R&D;#SALES;#SVCS,12,1,1,1,1,1,1,1,1,1,1,1,1,Shared Apps,1,0,0,1,2,2,0,#N/A
Oracle Replication,Bronze,No,APPLICATION SHARED SERVICES,Oracle Replication,ORACLE-MDM-ENT-PROD,Document/File repository,Internal/Outsourced,3-Tier (Web/App/DB Svrs),Home-grown,ORACLE,US1,US1 (100%),ORACLE-MDM-ENT,ORACLE-MDM-ENT-SERVICE,IT,1,0,0,0,0,0,1,0,0,0,0,0,0,Dedicated Apps,6,6,0,0,2,1,1,9
Oracle Sales Cloud Incentive Comp,Silver,Yes,HR,Sales compensation and incentive computation for sales,OSC-INC-COMP-PROD,Accounting/Finance/Treasury,Software As a Service (SaaS),Other (SaaS etc..),Hybrid,Oracle,,,OSC-INC-COMP,OSC-INC-COMP-SERVICE,FIN;#GSMB;#HR;#IT;#SALES,5,0,1,0,1,1,1,0,0,0,0,1,0,Shared Apps,9,2,0,7,1,0,0,#N/A
ORS,Gold,No,SALES,Direct/indirect project sched/process,ORS-PROD,Project Management,Internal/Outsourced,3-Tier (Web/App/DB Svrs),Hybrid,SAUCON,US1,US1 (100%),ORS,ORS-NON SUPPORTED-SERVICE,SALES,1,0,0,0,0,0,0,0,0,0,0,1,0,Dedicated Apps,0,0,0,0,2,8,1,0
Parts Mart,Silver,No,SUPPLY CHAIN,App for managing commercial components,PARTSMART-ENT-PROD,0,0,0,0,JDK / Oracle,,,PARTSMART-ENT,PARTSMART-ENT-SERVICE,0,1,0,0,0,0,0,0,0,0,0,0,0,0,Dedicated Apps,7,5,0,2,1,3,1,#N/A
Personnel Admin Auto Employee Change Request,Bronze,No,SERVICES TS&D,GSD Personnel Administration,PAAUTOECR-PROD,Resource Management,Internal/Insourced,3-Tier (Web/App/DB Svrs),Home-grown,Avaya,US1,US1 (60%),PAAUTOECR,PERSONNEL ADMIN (PA)/AUTO EMPLOYEE CHANGE REQUEST (ECR),SVCS,1,0,0,0,0,0,0,0,0,0,0,0,1,Dedicated Apps,1,1,0,0,1,4,1,0
PMM Staging,Bronze,No,FINANCE,collects data for PIMM,PMM-STAGING-ENT-PROD,Quoting,Internal/Insourced,2-Tier (App Svrs + DB Svrs - Requires a client to access the app),Home-grown,Avaya,US1,US1 (100%),PMM-STAGING-ENT,PMM-STAGING-ENT-SERVICE,FIN,1,0,1,0,0,0,0,0,0,0,0,0,0,Dedicated Apps,0,0,0,0,2,7,0,8
PMTOOL,Bronze,No,SERVICES,external access to project info,PMTOOL-PROD,Product Management,Internal/Outsourced,3-Tier (Web/App/DB Svrs),Hybrid,SAUCON,,,PMTOOL,PMTOOL-SERVICE,SVCS,1,0,0,0,0,0,0,0,0,0,0,0,1,Dedicated Apps,1,0,0,1,0,0,0,0
Post,Silver,No,HR,Web Employee directory,POST-PROD,Resource Management,Internal/Outsourced,3-Tier (Web/App/DB Svrs),Home-grown,Avaya,US1,US1 (100%),POST,POST-SERVICE,CAO;#FIN;#GOV;#GSMB;#HR;#IT;#MLP;#MRKTG;#OEFC;#R&D;#SALES;#SVCS,12,1,1,1,1,1,1,1,1,1,1,1,1,Shared Apps,563,551,1,11,8,4,0,3.5
Property Tax Management System,Silver,No,FINANCE,Non-SAP tax,PTMS-PROD,Business Intelligence/Reporting,Internal/Insourced,3-Tier (Web/App/DB Svrs),Commercially Available,"Tax Compliance, Inc",US1,US1 (100%),PTMS,PROPERTY TAX MANAGEMENT SYSTEM,FIN,1,0,1,0,0,0,0,0,0,0,0,0,0,Dedicated Apps,1,0,0,1,1,4,1,0
Prophet By Baxter,Gold,Yes,SUPPLY CHAIN,Maintenance Planning tool,PROPHET-PROD,Billing/Invoicing,External/Outsourced,Other (SaaS etc..),Commercially Available,BAXTER,,,PROPHET,PROPHET-SERVICE,OEFC;#MLP,2,0,0,0,0,0,0,1,0,1,0,0,0,Shared Apps,0,0,0,0,7,0,0,1
Quarterly Representation Tool,Silver,No,FINANCE,Certify quarterly financial results,QTLY-REP-TOOL-PROD,Accounting/Finance/Treasury,Internal/Insourced,3-Tier (Web/App/DB Svrs),Home-grown,Avaya,US1,US1 (100%),QTLY-REP-TOOL,QUARTERLY REPRESENTATION TOOL,FIN,1,0,1,0,0,0,0,0,0,0,0,0,0,Dedicated Apps,17,17,0,0,2,3,0,0
Quick Quality Integrated Cube Knowledge,Bronze,No,SERVICES,HW Quality Reporting Tool,QUICK-ENT-PROD,Quoting,Internal/Outsourced,3-Tier (Web/App/DB Svrs),Home-grown,Microsoft,US1,US1 (100%),QUICK-ENT,QUICK-ENT-SERVICE,SVCS,1,0,0,0,0,0,0,0,0,0,0,0,1,Dedicated Apps,1,1,0,0,1,1,1,2005
Quick Quote Wireline,Bronze,No,SERVICES,Tool to quote Services and Products,QUICKQUOTE-WIRELINE-ENT-PROD,Quoting,Internal/Outsourced,3-Tier (Web/App/DB Svrs),Commercially Available,Quick Quote,US1,US1 (100%),QUICKQUOTE-WIRELINE-ENT,QQWIRELINE-ENT-SERVICE,SVCS,1,0,0,0,0,0,0,0,0,0,0,0,1,Dedicated Apps,1,1,0,0,3,2,1,0
RapidResponse,Silver,Yes,SUPPLY CHAIN,Supply Chain Visibility,RAPIDRESPONSE-PROD,Product Management,Internal/Insourced,2-Tier (App Svrs + DB Svrs - Requires a client to access the app),Commercially Available,Kinaxis,US1,US1 (75%),RAPIDRESPONSE,RAPIDRESPONSE-SERVICE,MLP,1,0,0,0,0,0,0,1,0,0,0,0,0,Dedicated Apps,130,12,0,118,19,2,0,2014.2
Resource Management System,Bronze,No,SERVICES,Manage Class Schedules/Enrollments,RMS-PROD,Resource Management,Internal/Insourced,3-Tier (Web/App/DB Svrs),Home-grown,Avaya,HIGHLANDSRANCH,HIGHLANDSRANCH (100%),RMS,RESOURCE MANAGEMENT SYSTEM (RMS),SVCS,1,0,0,0,0,0,0,0,0,0,0,0,1,Dedicated Apps,3,2,1,0,1,1,1,0
REVPRO,Silver,Yes,FINANCE,Extracts data from SAP into RevPro,REVPRO-PROD,Accounting/Finance/Treasury,Internal/Outsourced,3-Tier (Web/App/DB Svrs),Commercially Available,Leeyo Software,,,REVPRO,REVPRO-SERVICE,FIN,1,0,1,0,0,0,0,0,0,0,0,0,0,Dedicated Apps,15,14,0,1,5,4,2,1
Russia Enterprise Local Accounting Application,Bronze,No,FINANCE,Statutory - Accounting,ENTERPRISE1C-FINANCIAL-RUSSIA-PROD,Accounting/Finance/Treasury,Internal/Outsourced,3-Tier (Web/App/DB Svrs),Hybrid,1c,EMEA DC1,EMEA DC1 (100%),ENTERPRISE1C-FINANCIAL-RUSSIA,ENTERPRISE 1C,FIN,1,0,1,0,0,0,0,0,0,0,0,0,0,Dedicated Apps,0,0,0,0,0,1,0,0
Sabrix,Silver,Yes,FINANCE,Manages Global Transaction Taxes,SABRIX-ENT-PROD,Accounting/Finance/Treasury,Internal/Outsourced,3-Tier (Web/App/DB Svrs),Commercially Available,SABRIX,US1,US1 (100%),SABRIX-ENT,SABRIX-ENT-SERVICE,FIN,1,0,1,0,0,0,0,0,0,0,0,0,0,Dedicated Apps,14,2,0,12,1,2,0,5.1
Sales and Use Tax,Silver,No,FINANCE,Creates monthly sales & use tax returns,SALESANDUSETAX-PROD,Accounting/Finance/Treasury,Internal/Insourced,3-Tier (Web/App/DB Svrs),Home-grown,Avaya,US1,US1 (100%),SALESANDUSETAX,SALES & USE TAX - SAU,FIN,1,0,1,0,0,0,0,0,0,0,0,0,0,Dedicated Apps,1,1,0,0,2,2,1,0
SAP A Box Accounts Payable (e-Supply),Bronze,No,SAP/ERP,SAP Accounts Payable (e-Supply) - Prod,SAP-A3P,Accounting/Finance/Treasury,Internal/Insourced,3-Tier (Web/App/DB Svrs),Commercially Available,SAP,US1,US1 (100%),SAP-A,SAP-A3P-SERVICE,FIN,1,0,1,0,0,0,0,0,0,0,0,0,0,Dedicated Apps,0,0,0,0,0,3,0,4.6
SAP B Box,Bronze,No,SAP/ERP,SAP U.S. Sales & Distribution - Test,SAP-B1P,Product Management,Internal/Insourced,3-Tier (Web/App/DB Svrs),Commercially Available,SAP,US1,US1 (100%),SAP-B,SAP B1P,OEFC,1,0,0,0,0,0,0,0,0,1,0,0,0,Dedicated Apps,62,59,1,2,22,8,1,605
SAP EDW Application instances,Silver,No,SAP/ERP,Management Reporting,SAP-EDW,Business Intelligence/Reporting,Internal/Insourced,3-Tier (Web/App/DB Svrs),Commercially Available,SAP,US1,US1 (100%),SAP EDW,ENTERPRISE DATA WAREHOUSE (EDW)-SERVICE,FIN;#IT;#MLP;#MRKTG;#OEFC;#SALES;#SVCS,7,0,1,0,0,0,1,1,1,1,0,1,1,Shared Apps,52,50,0,2,6,9,0,7.3
SAP Enterprise Portal,Silver,No,SAP/ERP,Netweaver Enterprise Portal Production,SAP-EPP,Web Portal,Internal/Insourced,3-Tier (Web/App/DB Svrs),Commercially Available,SAP,US1,US1 (100%),SAP-EP,SAP-EPP-SERVICE,IT,1,0,0,0,0,0,1,0,0,0,0,0,0,Dedicated Apps,1,0,0,1,2,7,1,7.31
SAP FIORI,Bronze,No,SAP/ERP,SAP FIORI - Projects,SAP-GWP,Enterprise Content Management,Internal/Insourced,2-Tier (App Svrs + DB Svrs - Requires a client to access the app),Home-grown,SAP,,,SAP-GW,SAP-GW-SERVICE,IT,1,0,0,0,0,0,1,0,0,0,0,0,0,Dedicated Apps,50,38,0,12,3,5,1,#N/A
SAP Nortel Finance and Sales,Silver,No,SAP/ERP,Core ERP that runs Finances/Sales (PE1),SAP-FT-ENT-PROD,Product Management,Internal/Outsourced,3-Tier (Web/App/DB Svrs),Commercially Available,SAP,US1,US1 (100%),SAP-FT-ENT,SAP-FT-ENT-SERVICE,FIN,1,0,1,0,0,0,0,0,0,0,0,0,0,Dedicated Apps,139,97,0,42,28,7,0,5
SAP Nortel Master Data,Silver,No,APPLICATION SHARED SERVICES,System of record for certain master data,SAP-MDM-ENT-PROD,Document/File repository,Internal/Outsourced,3-Tier (Web/App/DB Svrs),Commercially Available,MDM,US1,US1 (100%),SAP-MDM-ENT,SAP-MDM-ENT-SERVICE,GOV;#SALES,2,0,0,1,0,0,0,0,0,0,0,1,0,Shared Apps,6,6,0,0,2,3,0,5.5
SAP PI Box -PRD (Projects),Bronze,Yes,SAP/ERP,SAP International Sales & Distrib - Prod,SAP-XP1,Product Management,Internal/Insourced,3-Tier (Web/App/DB Svrs),Commercially Available,SAP,US1,US1 (100%),SAP XP1,SAP-XP1-SERVICE,MLP,1,0,0,0,0,0,0,1,0,0,0,0,0,Dedicated Apps,70,2,0,68,1,4,0,7.3
SAP PPM 5.0,Bronze,Yes,SAP/ERP,SAP PPM 5.0 Production Server,SAP-PP1,Project Management,Internal/Insourced,3-Tier (Web/App/DB Svrs),Commercially Available,SAP,US1,US1 (100%),SAP PP1,SAP-PP1-SERVICE,IT,1,0,0,0,0,0,1,0,0,0,0,0,0,Dedicated Apps,49,18,0,31,4,6,1,5
SAP-BPA,Silver,No,SAP/ERP,SAP BW,BPA-PROD,Business Intelligence/Reporting,Internal/Insourced,3-Tier (Web/App/DB Svrs),Commercially Available,SAP,,,BPA,BPA-SERVICE,OEFC;#FIN;#SALES;#MLP;#SVCS;#IT,6,0,1,0,0,0,1,1,0,1,0,1,1,Shared Apps,12,11,1,0,0,0,0,#N/A
SAP-BW-ENT,Bronze,Yes,APPLICATION SHARED SERVICES,Stores Business-critical Information,SAP-BW-ENT-PROD,Business Intelligence/Reporting,Internal/Insourced,2-Tier (App Svrs + DB Svrs - Requires a client to access the app),Commercially Available,SAP,US1,US1 (100%),SAP-BW-ENT,BW-TECH-BASIS,GOV,1,0,0,1,0,0,0,0,0,0,0,0,0,Dedicated Apps,14,14,0,0,4,4,0,7
SAP-G1P,Gold,No,SUPPLY CHAIN,SAP Global Trade Services,SAP-G1P,Product Management,Internal/Insourced,3-Tier (Web/App/DB Svrs),Commercially Available,SAP,US1,US1 (100%),SAPG1P,GTS-ENT-SERVICE,MLP,1,0,0,0,0,0,0,1,0,0,0,0,0,Dedicated Apps,7,5,0,2,3,3,0,8
SAP-H2P,Silver,No,SAP/ERP,SAP HR - Prod,SAP-H2P,Resource Management,Internal/Insourced,3-Tier (Web/App/DB Svrs),Commercially Available,SAP,US1,US1 (100%),SAP-H,SAP H2P,HR,1,0,0,0,0,1,0,0,0,0,0,0,0,Dedicated Apps,31,13,0,18,2,2,0,4.7
SAP-I2P,Gold,Yes,SAP/ERP,SAP International Sales & Distrib - Prod,SAP-I2P,Product Management,Internal/Insourced,3-Tier (Web/App/DB Svrs),Commercially Available,SAP,US1,US1 (100%),SAP-I,SAP-I2P-VISTEX-SERVICE,OEFC;#FIN;#SALES;#MLP;#SVCS;#IT,6,0,1,0,0,0,1,1,0,1,0,1,1,Shared Apps,3172,2947,8,217,128,22,2,605
SAU COI Desktop,Silver,No,FINANCE,Client/Server application for SAP,SAU-COI-DESKTOP-PROD,Administer/Manage/Monitor Systems,Internal/Insourced,2-Tier (App Svrs + DB Svrs - Requires a client to access the app),Commercially Available,IBM,US1,US1 (100%),SAU-COI-DESKTOP,SAU-COI-DESKTOP-SERVICE,FIN,1,0,1,0,0,0,0,0,0,0,0,0,0,Dedicated Apps,1,1,0,0,0,1,0,9
Seeburger Prod Environment,Bronze,No,E-COMMERCE,Electronic data interchange,SEEBURGER-PROD,Middleware,Internal/Insourced,2-Tier (App Svrs + DB Svrs - Requires a client to access the app),Commercially Available,SEEBURGER,US1,US1 (100%),SEEBURGER,SEEBURGER-SERVICE,GSMB,1,0,0,0,1,0,0,0,0,0,0,0,0,Dedicated Apps,0,0,0,0,2,4,1,5
Services Web Registration Tool,Bronze,No,SERVICES,SWRT-V4 development/test environment,SWRT-V4-PROD,Quoting,Internal/Insourced,3-Tier (Web/App/DB Svrs),Home-grown,Avaya,US1,US1 (100%),SWRT-V4,SERVICES WEB REGISTRATION TOOL (SWRT),SVCS,1,0,0,0,0,0,0,0,0,0,0,0,1,Dedicated Apps,3,2,0,1,1,3,1,0
Shift Bid,Bronze,No,SERVICES,Bid on shifts for Represented Workers,SHIFTBID-PROD,Resource Management,Internal/Insourced,3-Tier (Web/App/DB Svrs),Home-grown,HP,,,SHIFTBID,SHIFT BID WEBPAGE,SVCS,1,0,0,0,0,0,0,0,0,0,0,0,1,Dedicated Apps,1,0,1,0,1,2,0,0
SOX Express,Bronze,No,FINANCE,Corporate SOX controls,SOX-EXPRESS-PROD,Business Intelligence/Reporting,Internal/Insourced,3-Tier (Web/App/DB Svrs),Commercially Available,OpenPages,US1,US1 (100%),SOX-EXPRESS,SOX_EXPRESS,FIN,1,0,1,0,0,0,0,0,0,0,0,0,0,Dedicated Apps,1,1,0,0,1,3,0,3
SQA StepQ,Silver,No,SALES/MARKETING,To manage supplier/vendor related events,STEPQ-PROD,Quality,Software As a Service (SaaS),Other (SaaS etc..),Commercially Available,SQA Services,US1,US1 (100%),STEPQ,STEPQ-SERVICE,FIN,1,0,1,0,0,0,0,0,0,0,0,0,0,Dedicated Apps,0,0,0,0,0,3,1,0
SuccessFactors,Silver,Yes,HR,Cloud Based human capital management,TALENTMAKER2-PROD,Resource Management,Software As a Service (SaaS),Other (SaaS etc..),Commercially Available,SAP,,,TALENTMAKER2,TALENTMAKER2-SERVICE,HR,1,0,0,0,0,1,0,0,0,0,0,0,0,Dedicated Apps,740,658,10,72,60,0,0,#N/A
Supervisor Transaction Center,Silver,Yes,HR,Employee Mgmt for Supervisor,STC-PROD,Resource Management,Internal/Insourced,3-Tier (Web/App/DB Svrs),Home-grown,Avaya,US1,US1 (100%),STC,SUPERVISOR TRANSACTION CENTER (STC),HR,1,0,0,0,0,1,0,0,0,0,0,0,0,Dedicated Apps,58,52,0,6,6,1,1,1
Supply Chain Forms,Silver,No,SUPPLY CHAIN,Form Tools used by Supply Chain,SUPPLY-CHAIN-JETFORMS-ADOBE-PROD,Product Management,Internal/Insourced,1-Tier (App Svrs - Requires a client to access the app),Commercially Available,Adobe,EMEA DC1,EMEA DC1 (33%),SUPPLY-CHAIN-JETFORMS-ADOBE,SUPPLY CHAIN FORMS,MLP,1,0,0,0,0,0,0,1,0,0,0,0,0,Dedicated Apps,0,0,0,0,0,3,0,5.3
Tax Depreciation,Bronze,No,FINANCE,reports monthly sales & use tax returns,TAXWEB-PROD,Accounting/Finance/Treasury,Internal/Insourced,3-Tier (Web/App/DB Svrs),Home-grown,IBM Sterling Commerce,US1,US1 (100%),TAXWEB,TAXWEB-SERVICE,FIN,1,0,1,0,0,0,0,0,0,0,0,0,0,Dedicated Apps,2,2,0,0,1,2,0,0
TIMECARD application,Bronze,No,FINANCE,Electronic Timecard Program,TIMECARD-PROD,Payroll,Internal/Insourced,3-Tier (Web/App/DB Svrs),Home-grown,Avaya,US1,US1 (82%),TIMECARD,TIMECARD-NON SUPPORTED-SERVICE,IT,1,0,0,0,0,0,1,0,0,0,0,0,0,Dedicated Apps,12,9,2,1,3,8,1,0
Transfer Manager Schedule,Bronze,No,HR,Handles scheduling of transfer of agents with the shifts cov,TM-SCHEDULE-PROD,Resource Management,Internal/Insourced,3-Tier (Web/App/DB Svrs),Home-grown,Avaya,US1,US1 (100%),TM-SCHEDULE,TM-SCHEDULE-SERVICE,HR;#SVCS,2,0,0,0,0,1,0,0,0,0,0,0,1,Shared Apps,0,0,0,0,0,4,1,0
TREX,Silver,Yes,FINANCE,Travel/Expense reporting,TREX-PROD,Expense Management,Software As a Service (SaaS),3-Tier (Web/App/DB Svrs),Commercially Available,Concur,US1,US1 (100%),TREX,TREX-SERVICE,FIN,1,0,1,0,0,0,0,0,0,0,0,0,0,Dedicated Apps,382,377,4,1,7,7,2,8
Vartech,Gold,No,SALES,Vartech is a payroll validation tool,VARTECH-PROD,Payroll,Internal/Outsourced,3-Tier (Web/App/DB Svrs),Hybrid,SAUCON,US1,US1 (100%),VARTECH,VARTECH-SERVICE,SALES,1,0,0,0,0,0,0,0,0,0,0,1,0,Dedicated Apps,1,1,0,0,3,8,1,0
Vertex QR9,Silver,No,FINANCE,Calculates Tax Returns for US jurisdictions,VERTEX-QR9-PROD,Accounting/Finance/Treasury,Internal/Insourced,1-Tier (App Svrs - Requires a client to access the app),Commercially Available,VERTEX,US1,US1 (100%),VERTEX-QR9,VERTEX-QR9-SERVICE,FIN,1,0,1,0,0,0,0,0,0,0,0,0,0,Dedicated Apps,0,0,0,0,0,5,1,9
Vertex Sales and Use Tax,Gold,Yes,FINANCE,Calculates sales & use tax for invoices,VERTEX-O-PROD,Accounting/Finance/Treasury,Internal/Insourced,3-Tier (Web/App/DB Svrs),Commercially Available,Vertex,,,VERTEX-O,VERTEX-O-SERVICE,FIN,1,0,1,0,0,0,0,0,0,0,0,0,0,Dedicated Apps,39,3,1,35,1,2,1,7
Vertex Sales and Use Tax,Silver,No,FINANCE,Calculates sales & use tax for invoices,VERTEX-PROD,Accounting/Finance/Treasury,Internal/Insourced,2-Tier (App Svrs + DB Svrs - Requires a client to access the app),Commercially Available,Vertex,US1,US1 (100%),VERTEX,VERTEX-SERVICE,FIN,1,0,1,0,0,0,0,0,0,0,0,0,0,Dedicated Apps,19,15,1,3,2,4,0,3.1
Voice Portal,Silver,No,SAP/ERP,Biller Direct Voice Portal,VOICE-PORTAL-PROD,Communications/Collaboration,Internal/Insourced,2-Tier (App Svrs + DB Svrs - Requires a client to access the app),Hybrid,SAP,OKLAHOMACITY,OKLAHOMACITY (50%),VOICE-PORTAL,VOICE-PORTAL-SERVICE,SALES;#SVCS,2,0,0,0,0,0,0,0,0,0,0,1,1,Shared Apps,2,1,1,0,1,3,0,1
Voyager ACM/FSO,Gold,No,SALES,Misc functions not in eProject,VOYAGER-ACMFSO-PROD,Billing/Invoicing,Internal/Outsourced,3-Tier (Web/App/DB Svrs),Hybrid,Avaya,US1,US1 (100%),VOYAGER-ACMFSO,VOYAGER-ACMFSO-SERVICE,OEFC,1,0,0,0,0,0,0,0,0,1,0,0,0,Dedicated Apps,0,0,0,0,3,8,1,0
Voyager Adjustments,Bronze,No,SUPPLY CHAIN,used by GCCC to process Direct adjustmen,VOYAGER-ADJUSTMENTS-PROD,Billing/Invoicing,Internal/Outsourced,3-Tier (Web/App/DB Svrs),Hybrid,SAUCON,US1,US1 (100%),VOYAGER-ADJUSTMENTS,VOYAGER-ADJUSTMENTS-SERVICE,0,1,0,0,0,0,0,0,0,0,0,0,0,0,Dedicated Apps,0,0,0,0,0,8,1,0
WebFocus,Bronze,No,GABG,Sales and distribution reporting,WEBFOCUS-PROD,Middleware,Internal/Insourced,Other (SaaS etc..),Home-grown,Information Builders,EMEA DC1,EMEA DC1 (100%),WEBFOCUS,WEBFOCUS-SERVICE,IT,1,0,0,0,0,0,1,0,0,0,0,0,0,Dedicated Apps,1,1,0,0,0,1,1,0
WebLogic Application Instance - Integration - Linu..,Silver,Yes,APPLICATION SHARED SERVICES,WebLogic Integration for ASD,WEBLOGIC-PROD,Middleware,Internal/Insourced,3-Tier (Web/App/DB Svrs),Commercially Available,BEA,US1,US1 (100%),WEBLOGIC,WEBLOGIC-SERVICE,SALES,1,0,0,0,0,0,0,0,0,0,0,1,0,Dedicated Apps,1,0,0,1,0,12,1,8.1
WebMethods Solaris Cluster,Bronze,No,APPLICATION SHARED SERVICES,IT,WEBMETHODS-PROD-SWMPPS,Middleware,Internal/Insourced,2-Tier (App Svrs + DB Svrs - Requires a client to access the app),Commercially Available,Webmethods,US1,US1 (100%),WEBMETHODS,WEBMETHODS-SERVICE,IT,1,0,0,0,0,0,1,0,0,0,0,0,0,Dedicated Apps,55,0,0,55,1,6,0,6.5
,,,,,,,,,,,,,,,,,,,,,,,,,,,,,,,,,,,,,
,,,,,,,,,,,,,,,,,,,,,,,,,,,,,,,,,,,,,
,,,,,,,,,,,,,,,,,,,,,,,,,,,,,,,,,,,,,
